interaction,mean,upper,lower
1,17.09817332852392,41.74561072833164,-7.549264071283801
101,14.450154043367329,26.585547373668984,2.3147607130656738
201,12.190582681953256,29.687369546283417,-5.306204182376906
301,9.98081219891694,29.32877124791727,-9.36714685008339
401,9.730035347208835,29.42097553052094,-9.960904836103273
501,10.087018775722248,27.26238460872959,-7.088347057285096
601,10.567753633579903,25.046168431951763,-3.9106611647919554
701,11.265901973243258,26.300439941542535,-3.7686359950560195
801,11.924975654852297,28.342753721768077,-4.492802412063483
901,12.63368754798623,30.802115281839527,-5.534740185867065
1001,13.256266187164039,33.16918087507514,-6.656648500747062
1101,13.883570660189857,35.47950249264869,-7.712361172268981
1201,14.795600015188963,38.20386171233447,-8.612661681956546
1301,15.800784688110458,41.09341576698732,-9.491846390766408
1401,16.975208726795437,44.24853220612232,-10.298114752531447
1501,18.262219914989075,47.43757289508996,-10.913133065111808
1601,19.50669061248895,50.531156421359384,-11.517775196381486
1701,20.622686388748374,53.20940542202432,-11.964032644527567
1801,21.66216441264294,55.40450203146587,-12.080173206179989
1901,22.80281944089482,57.48141638519422,-11.875777503404581
2001,24.260578997434248,59.74403899794588,-11.22288100307738
2101,25.640347905592666,61.863909893565605,-10.58321408238027
2201,27.05496249205867,64.03735259884742,-9.927427614730078
2301,28.55263672527878,66.01389990114546,-8.908626450587903
2401,30.00885740192109,67.99875915420338,-7.981044350361195
2501,31.392851748549383,70.10432698713271,-7.31862349003395
2601,32.75659910473829,72.15714648676348,-6.643948277286903
2701,34.13211127925832,74.15937502852573,-5.895152470009094
2801,35.57502504664254,76.08833875571727,-4.9382886624322
2901,36.92615675239493,77.62376295754544,-3.7714494527555686
3001,38.27125647921288,79.00771448471652,-2.4652015262907554
3101,39.692605474092076,80.7858081615948,-1.4005972134106486
3201,41.11501050135732,82.64126098983832,-0.41123998712368603
3301,42.50446905561289,84.44257063844321,0.5663674727825523
3401,43.88963490587795,86.24290669953584,1.5363631122200658
3501,45.264335383123324,88.02621447269954,2.5024562935471053
3601,46.61526930873899,89.77060293786491,3.459935679613075
3701,47.96703862584387,91.5208333137619,4.4132439379258415
3801,49.29815054762025,93.21314471988833,5.383156375352172
3901,50.65100732120224,94.97766374138715,6.324350901017347
4001,51.93519073538299,96.5892201836917,7.2811612870742835
4101,53.28800589582197,98.45243039195665,8.123581399687275
4201,54.41557642139382,100.46921376262111,8.361939080166536
4301,55.67054709735727,102.45744111391477,8.883653080799768
4401,56.9370462920651,104.4836076252755,9.3904849588547
4501,58.194891315796724,106.5286679203149,9.861114711278546
4601,59.44062401250559,108.5862152294221,10.29503279558908
4701,60.69100767076726,110.66488848035397,10.71712686118056
4801,61.956573809572376,112.79323510743427,11.119912511710474
4901,63.285092795591666,115.1388699823901,11.431315608793227
5001,64.60559132333529,117.47407736318539,11.737105283485192
5101,65.92158732358028,119.81564688013219,12.027527767028381
5201,67.21765240318116,122.1419857649005,12.293319041461828
5301,68.48194658660654,124.4185922695838,12.545300903629283
5401,69.70650938583672,126.66828699544232,12.744731776231141
5501,71.01382742495807,129.21300556056295,12.814649289353184
5601,72.29619209804596,131.72564189611535,12.866742299976586
5701,73.57567441864884,134.244656441111,12.906692396186678
5801,74.76171480264891,136.66822301316958,12.855206592128248
5901,75.96598209983182,139.15955496435816,12.772409235305481
6001,77.21594511589215,141.70416083197574,12.727729399808553
6101,78.4813113763735,144.2886811397007,12.673941613046296
6201,79.73178795125366,146.84283427410065,12.620741628406677
6301,80.98950362041208,149.41662294941614,12.562384291408023
6401,82.26883042091097,152.05389883995642,12.483762001865529
6501,83.5367949233341,154.66934564685369,12.404244199814528
6601,84.78068577605708,157.18864773811595,12.372723813998206
6701,86.02163313409513,159.70692971737103,12.336336550819226
6801,86.73357450017184,161.7208063627138,11.74634263762988
6901,87.32313883522303,163.85698782894366,10.789289841502395
7001,88.38670270569247,166.34786759337433,10.42553781801061
7101,89.46995365227907,168.8652268929489,10.074680411609265
7201,90.53309865114872,171.2920759016149,9.774121400682517
7301,91.61099985169525,173.72905510427637,9.49294459911414
7401,92.64725317506425,176.10639979934354,9.188106550784951
7501,93.55531394755556,178.36034054966393,8.750287345447191
7601,94.47825512493615,180.6391897401109,8.317320509761387
7701,95.36649774446627,182.84766105481205,7.8853344341204945
7801,96.29432372317062,185.08608675778208,7.502560688559157
7901,97.34401738506983,187.42094546681915,7.2670893033205175
8001,98.40463070117768,189.76220452471966,7.047056877635683
8101,99.47664496566797,192.09230306469777,6.860986866638186
8201,100.5440012834719,194.44354489114264,6.6444576758011635
8301,101.5800679785161,196.71289285737367,6.4472430996585075
8401,102.64606439213317,199.07052149157644,6.221607292689896
8501,103.73767603963172,201.4639743246728,6.01137775459064
8601,104.84013524478273,203.86046319875098,5.819807290814481
8701,105.95758902393557,206.30343566776105,5.611742380110073
8801,107.08122208252533,208.77651946770388,5.3859246973467805
8901,108.19123190443429,211.18731114579117,5.1951526630774225
9001,109.29384445033631,213.55670848221,5.030980418462605
9101,110.39884436340112,215.97551654864856,4.822172178153707
9201,111.49704456793305,218.36014859954497,4.633940536321134
9301,112.52149113960438,220.58030792804863,4.462674351160132
9401,113.53561569652308,222.79475897850602,4.276472414540123
9501,114.5392523312199,224.98652627787988,4.091978384559923
9601,115.4568875334545,226.94660533438682,3.967169732522194
9701,116.1383292932738,228.2517658942025,4.024892692345119
9801,116.75722844548295,229.40940603830524,4.105050852660682
9901,117.37814515880298,230.58336894420043,4.172921373405529
10001,165.87855595539244,193.19751530207517,138.5595966087097
10101,161.17500267469367,185.9529060204541,136.39709932893325
10201,156.5136907014218,179.93809615304338,133.08928524980024
10301,152.50340566371545,175.78509920228987,129.22171212514104
10401,149.36672134828598,174.07917048351698,124.65427221305498
10501,146.98159749109013,173.68230607067775,120.2808889115025
10601,145.39060637977497,174.5216632672186,116.25954949233133
10701,144.2127294032338,176.07645721189053,112.34900159457706
10801,143.2659165598509,177.08989680403556,109.44193631566623
10901,142.12677036863255,178.00676022549234,106.24678051177276
11001,140.90860388229615,178.2742096679537,103.5429980966386
11101,139.8855066834019,178.275086078112,101.4959272886918
11201,138.8480794901723,178.30600456043703,99.39015441990757
11301,138.05702066747367,178.94448376039412,97.16955757455321
11401,137.54677411984432,180.07324629759563,95.020301942093
11501,137.20324312251276,181.47633544066088,92.93015080436463
11601,136.88357850364588,183.0080004877522,90.75915651953953
11701,136.57492065141932,184.57959565283176,88.5702456500069
11801,136.42554607345272,186.28866838351473,86.56242376339073
11901,136.29259004663075,187.99730295780265,84.58787713545885
12001,136.24737846175282,189.6856554814456,82.80910144206004
12101,136.1623218803897,191.36976108200534,80.95488267877406
12201,136.06423808001853,193.10934490579112,79.01913125424593
12301,135.95469879985427,194.89842696608002,77.01097063362852
12401,135.76050238518783,196.62131283112313,74.89969193925253
12501,135.27240529586317,197.98169486599065,72.56311572573568
12601,134.66010797618586,199.25377134182884,70.06644461054289
12701,133.60278165189115,199.53529950137477,67.67026380240755
12801,132.28650181765593,199.4915496552723,65.08145398003954
12901,130.76389928429538,199.17463615664718,62.35316241194356
13001,129.3421847821065,199.25297822473013,59.43139133948287
13101,127.78986828796674,199.26838319097493,56.311353384958565
13201,126.11485902156429,199.17555100989375,53.05416703323483
13301,124.4516648252913,199.29014122713897,49.613188423443646
13401,122.93730032419289,199.7565650039695,46.11803564441625
13501,121.8236205898281,200.70223046741523,42.94501071224096
13601,121.10118269236958,201.77804133525015,40.424324049489
13701,120.63936387945016,202.96709825721015,38.31162950169016
13801,120.14790424642543,204.22577077452002,36.07003771833085
13901,119.52760909566771,205.54839020372316,33.50682798761227
14001,118.78325004562673,206.71982413804176,30.846675953211715
14101,117.62953678794845,207.26100767943086,27.99806589646606
14201,116.53852060931168,207.91809463263604,25.158946585987323
14301,115.18648397090071,208.1810246488244,22.191943292977
14401,114.0329114876902,208.57339687040974,19.492426104970676
14501,112.93136968002554,208.95082527115352,16.911914088897575
14601,111.86484342014901,209.51851659581666,14.211170244481352
14701,110.83147078643397,210.2196875193174,11.443254053550547
14801,109.92933913640199,211.03503733410608,8.823640938697906
14901,109.1470838105411,211.96980434571992,6.324363275362273
15001,108.55629113497648,213.20389177589422,3.9086904940587317
15101,107.90039916230342,214.45010647280472,1.350691851802111
15201,107.16898343745848,215.47664578416845,-1.138678909251496
15301,106.63867089650721,216.09756010701722,-2.820218314002801
15401,106.20401821962245,216.67445751880453,-4.2664210795596205
15501,106.11971551731726,217.5015811796866,-5.26215014505209
15601,106.21070093497246,218.64823744464854,-6.2268355747036
15701,106.38318143931585,219.91091898924,-7.144556110608306
15801,106.44986796661883,220.9888615856733,-8.08912565243564
15901,106.04066530898987,221.65515701617545,-9.573826398195706
16001,105.73223244669721,222.54243488752846,-11.077969994134037
16101,105.48709703942029,223.69367204752717,-12.719477968686576
16201,105.33648434764973,224.9870944422742,-14.314125746974753
16301,105.30729043434299,226.51691745773977,-15.902336589053789
16401,105.24645971913647,228.13015788039925,-17.637238442126318
16501,105.10586164862914,229.71539040370283,-19.50366710644454
16601,105.09395175975287,231.47963476433944,-21.291731244833684
16701,105.09123375534497,233.2222729686676,-23.03980545797765
16801,103.61236764244924,230.7020044847409,-23.477269199842425
16901,101.76804908196895,228.13557586691053,-24.599477702972635
17001,100.0268667852769,226.69043856718784,-26.63670499663405
17101,99.03944292198318,226.8794211456564,-28.800535301690033
17201,97.47048635696554,227.04620859640858,-32.105235882477515
17301,96.02799409700506,228.448030623412,-36.39204242940187
17401,95.95109673837491,230.7745679050219,-38.872374428272096
17501,96.42552635567328,233.1657960768677,-40.314743365521124
17601,96.51422881195296,235.5835112991116,-42.55505367520567
17701,96.50694921788924,237.99984064098413,-44.98594220520563
17801,94.70911978083367,241.53006663575758,-52.11182707409023
17901,93.11340980778263,245.66895307052647,-59.44213345496121
18001,92.6414684250941,247.6302540406553,-62.347317190467095
18101,92.34990328399371,247.75296949061755,-63.05316292263012
18201,91.2125751979154,246.74144985483264,-64.31629945900185
18301,90.97861658826686,247.70772760761173,-65.75049443107802
18401,91.50430442198645,250.0249992239045,-67.01639037993162
18501,91.92878643361334,252.09646006063053,-68.23888719340385
18601,92.39891647033262,254.28389866002226,-69.486065719357
18701,92.92121436221089,256.59953086691473,-70.75710214249295
18801,93.5874448671381,259.20561084489924,-72.03072111062302
18901,94.30325809664643,261.9597049665445,-73.35318877325165
19001,95.03311914391539,264.7527644418756,-74.68652615404487
19101,95.68467829044648,267.40451419347346,-76.03515761258048
19201,96.0458120704963,269.38008808064893,-77.28846393965635
19301,95.77074247490395,269.93814108112986,-78.39665613132198
19401,95.51115607084094,270.648104806358,-79.62579266467608
19501,95.19797638334565,271.26424286970666,-80.86829010301535
19601,95.17225288294462,272.5114265376475,-82.16692077175823
19701,95.5043562442028,274.6072061375277,-83.59849364912213
19801,96.04350553576282,277.23026466843555,-85.14325359690991
19901,96.58081732995848,279.87345556493386,-86.7118209050169
20001,207.06356899471012,328.65604925712864,85.47108873229163
20101,205.23947062188046,317.71018057142527,92.76876067233563
20201,203.4153722490507,306.7801519408155,100.05059255728592
20301,201.591273876221,295.8705531950825,107.31199455735954
20401,199.76717550339126,284.9879187589223,114.54643224786021
20501,197.9430771305616,274.1418658161489,121.74428844497427
20601,196.11897875773187,263.3471235875637,128.89083392790002
20701,194.29488038490217,252.6273692856452,135.96239148415916
20801,192.47078201207245,242.02300506446613,142.91855895967876
20901,190.64668363924275,231.60830105722874,149.68506622125676
21001,188.82258526641303,221.53302912682454,156.1121414060015
21101,186.99848689358333,212.13371948803578,161.8632542991309
21201,185.1743885207536,204.23414826723842,166.1146287742688
21301,183.3502901479239,199.61241515035292,167.08816514549486
21401,181.8255171029245,199.04309625688086,164.60793794896813
21501,181.1834938496254,200.44969975769163,161.91728794155915
21601,181.01369209041795,202.34234332805545,159.68504085278045
21701,180.85506985309178,204.52096343796654,157.189176268217
21801,180.88051181988038,207.05588047814197,154.7051431616188
21901,181.0979971064116,209.68523272786354,152.5107614849597
22001,181.86789140859796,210.34988963575535,153.38589318144057
22101,182.6680422732955,211.07163402496928,154.2644505216217
22201,183.11792855294289,211.70590311353848,154.5299539923473
22301,183.32997804104224,212.64981909534933,154.01013698673515
22401,183.5389741773949,214.00572736652012,153.07222098826966
22501,183.74609460092626,215.72762731305977,151.76456188879274
22601,183.6847914845191,216.76109432452552,150.6084886445127
22701,183.93941794566382,217.05378510002515,150.8250507913025
22801,183.15173082400133,215.77789593063054,150.52556571737213
22901,181.24812865610917,213.3319443119294,149.16431300028896
23001,178.83594793638514,210.21162132207382,147.46027455069645
23101,176.28096061794594,206.0641795948904,146.49774164100148
23201,173.91254777559004,202.61965475829453,145.20544079288555
23301,172.66673223723888,200.28668777647505,145.0467766980027
23401,172.19982867797964,198.9362536536227,145.46340370233656
23501,172.2305535152286,198.65083440044674,145.81027263001045
23601,172.67588168520206,198.98858053770425,146.36318283269986
23701,173.10398842079496,199.31920166971867,146.88877517187126
23801,173.56765910950656,199.67550103138655,147.45981718762658
23901,174.02181091085254,200.028579510066,148.01504231163906
24001,174.41818503248356,200.3275968287594,148.50877323620773
24101,174.80637372718803,200.63554506440406,148.977202389972
24201,174.91244394684162,200.69634617862638,149.12854171505685
24301,174.87045900336975,200.66127080252784,149.07964720421165
24401,174.65602573582896,200.42441137322777,148.88764009843015
24501,174.37387251575754,200.1730288932734,148.57471613824168
24601,174.13199105596073,200.03374463573786,148.2302374761836
24701,173.89833126212582,200.00994416266778,147.78671836158387
24801,173.6738328656194,200.10688412191263,147.24078160932618
24901,173.35655060802202,200.3297866032894,146.38331461275465
25001,173.12468336420346,200.65186092440993,145.597505803997
25101,173.08096860812424,201.0371776693791,145.12475954686937
25201,172.98255421567745,201.5272065449804,144.4379018863745
25301,172.9094623253223,202.0103749999482,143.8085496506964
25401,172.70143961458223,202.47107437132917,142.9318048578353
25501,172.4754460306119,202.94837950893051,142.00251255229327
25601,172.11484006910854,203.37298913484247,140.8566910033746
25701,171.41636530086205,203.97783926529556,138.85489133642855
25801,170.23095804933675,205.63876982960892,134.82314626906458
25901,169.87971454543919,206.48803064188695,133.27139844899142
26001,169.85523743979937,206.80747041468982,132.90300446490892
26101,169.98490789935778,206.82232219304979,133.14749360566577
26201,169.91267783664762,206.76950538273468,133.05585029056056
26301,169.90305842009812,206.68716930364954,133.1189475365467
26401,169.84538222367922,206.56268626284674,133.1280781845117
26501,169.8036037596384,206.32419389522437,133.28301362405244
26601,169.69998969565825,205.95008928196705,133.44989010934944
26701,169.63516668657442,205.639042238831,133.63129113431785
26801,169.68158126036263,205.49138977486967,133.8717727458556
26901,169.81256585797152,205.41693168540283,134.2082000305402
27001,170.11206157710734,205.56061519942187,134.6635079547928
27101,170.42100136283793,205.8312264053742,135.01077632030166
27201,170.72476822177524,206.1669571639451,135.28257927960536
27301,171.19507094239447,206.12666071302107,136.26348117176786
27401,171.6798143518984,205.90887095225173,137.45075775154504
27501,172.26045617440252,206.0640016721714,138.45691067663364
27601,172.83360250420168,206.4114433566644,139.25576165173896
27701,173.38959429038098,207.14772610655842,139.63146247420354
27801,173.8718793074343,207.94442073299933,139.7993378818693
27901,174.24938465931797,208.776930470564,139.72183884807194
28001,174.32262997105494,209.92159635617082,138.72366358593905
28101,174.20708746573666,211.43423318073502,136.9799417507383
28201,173.68643435238624,213.11950500817022,134.25336369660226
28301,172.73960448445357,214.78502016508082,130.6941888038263
28401,171.32444896294507,216.54796984112556,126.10092808476458
28501,170.09179306369367,219.6087097484136,120.57487637897376
28601,169.20634361698689,222.59489851378532,115.81778872018845
28701,169.53032400038308,222.93195741167568,116.12869058909048
28801,169.91849546990628,223.39024510468914,116.44674583512342
28901,170.1927364098704,224.21742580503096,116.16804701470986
29001,170.40978717587615,225.07564507473052,115.74392927702178
29101,170.4947776536911,226.10355614779087,114.88599915959134
29201,170.34182170713106,227.21673185580357,113.46691155845855
29301,170.1199037300778,228.1334448187568,112.10636264139879
29401,169.85075662965886,228.91320393826808,110.78830932104964
29501,169.4977823640944,228.71554649259838,110.28001823559045
29601,169.13132616941186,228.6176296995572,109.64502263926654
29701,168.4612443419523,227.5952096721131,109.32727901179149
29801,167.76375482990423,226.8685926792775,108.65891698053096
29901,167.25238316406478,226.3210108032276,108.18375552490195
30001,209.6224654110008,231.9802078458013,187.26472297620032
30101,206.234782055188,222.53874477036942,189.93081934000656
30201,202.84709869937518,213.39451653605258,192.29968086269778
30301,199.4594153435624,205.47232771538208,193.44650297174272
30401,196.17327357206028,202.21000524183333,190.13654190228723
30501,193.83792459062028,202.61107800135196,185.0647711798886
30601,190.82332054213754,205.9866301145336,175.66001096974148
30701,187.72142461694835,210.21077373905786,165.23207549483885
30801,184.50610742389648,212.28331851190123,156.72889633589173
30901,181.55243610083605,212.85504516961504,150.24982703205706
31001,179.67797573004572,214.271199527399,145.08475193269243
31101,178.7731848577634,215.23852485881892,142.30784485670787
31201,177.3932424693014,213.87014276261786,140.91634217598497
31301,176.15861498077456,212.50786838010328,139.80936158144584
31401,175.27956364410588,211.7525821417554,138.80654514645636
31501,174.735041619852,212.21806678479345,137.25201645491057
31601,174.27570922729757,212.90728016674896,135.64413828784618
31701,173.83938999188916,213.84983782650417,133.82894215727416
31801,173.3154985916373,215.41909617677896,131.21190100649562
31901,172.8127296883461,217.06459022168588,128.56086915500634
32001,172.31928545935347,218.8001720169086,125.83839890179834
32101,171.80132401911388,220.76510099858402,122.83754703964374
32201,171.65419233599457,221.24432077933503,122.0640638926541
32301,171.52285770310527,221.75334160115102,121.29237380505953
32401,171.39005606661664,222.5111891707347,120.26892296249858
32501,171.17553583928773,223.5425737665281,118.80849791204736
32601,171.01113559647874,224.4660606917671,117.55621050119038
32701,170.96560042940297,224.89984468623,117.03135617257593
32801,170.89456306987307,225.34128198297034,116.4478441567758
32901,170.68730239162534,225.8466145856741,115.52799019757657
33001,170.00899742275206,228.23730934788875,111.78068549761535
33101,169.3114228844108,230.35482288066856,108.26802288815304
33201,168.69224814886758,232.5215412933287,104.86295500440644
33301,168.1291433238242,234.84883216088335,101.40945448676504
33401,167.73310804180193,237.08714747621644,98.37906860738742
33501,167.57280003599897,238.87233851257497,96.27326155942296
33601,167.19173674538882,241.6044919004039,92.77898159037376
33701,167.04559965152217,242.52505340356686,91.56614589947748
33801,166.81583464542263,243.02957733985318,90.60209195099209
33901,166.6974530449592,243.27414615505532,90.12075993486306
34001,166.87274005407403,242.9722523506325,90.77322775751557
34101,167.1695487577683,242.7572550391149,91.58184247642167
34201,167.42771618614418,242.46330570175456,92.3921266705338
34301,167.6856171463537,241.85101383707615,93.52022045563125
34401,167.8650194012268,241.03246698132028,94.6975718211333
34501,168.09374867680168,240.3628310270458,95.82466632655759
34601,168.19496329531916,239.5137709702323,96.87615562040602
34701,168.27181045748486,238.8050975693497,97.73852334562002
34801,168.40760128477388,238.11066474058356,98.70453782896419
34901,168.62724383047674,237.48234491804476,99.77214274290871
35001,168.82366421591007,236.7945700098108,100.85275842200936
35101,168.72437864162077,235.14817455920775,102.3005827240338
35201,168.64505502626974,233.54206169362016,103.74804835891933
35301,168.7469219160373,232.53097233992756,104.96287149214706
35401,168.8611111176694,231.5069061838903,106.2153160514485
35501,168.9727226062761,230.46292798209737,107.48251723045486
35601,169.05880550218387,229.348523791454,108.76908721291375
35701,169.1433554659016,228.23607362977975,110.05063730202346
35801,169.23007440433102,227.14581354941282,111.31433525924923
35901,169.32245699737678,226.07813518234596,112.56677881240759
36001,169.41859142003693,225.02673279653266,113.81045004354122
36101,169.6116214122174,224.28626924361396,114.93697358082085
36201,169.78671315780247,223.58708786368055,115.98633845192437
36301,169.97031829871636,222.9690494445779,116.97158715285482
36401,170.13984269914585,222.34597139225863,117.93371400603306
36501,170.2987397526305,221.66447064148528,118.93300886377571
36601,170.49966647794568,220.95869266120636,120.040640294685
36701,170.70717195250705,220.29906289258614,121.11528101242797
36801,170.94491217300342,219.66756932378175,122.22225502222508
36901,171.20064139627,219.17462263802994,123.22666015451003
37001,171.43553826757008,218.7992904939116,124.07178604122856
37101,171.61089342785456,218.52641942170084,124.69536743400829
37201,171.74707321133405,218.4390400867875,125.05510633588062
37301,171.87878931156666,218.33646128303525,125.42111734009809
37401,171.9808452766277,218.02877589758745,125.93291465566793
37501,172.0948858201685,217.70952290880723,126.4802487315298
37601,172.24950745881165,217.37358461886888,127.12543029875442
37701,172.4702893643991,216.88523870001546,128.05534002878272
37801,172.68887812272294,216.38976145415717,128.9879947912887
37901,172.98021784763475,215.97655066335605,129.98388503191345
38001,173.3059150719526,215.54970750562362,131.06212263828158
38101,173.6434077191047,215.13966210263783,132.14715333557155
38201,173.90983500348943,214.56554259088486,133.254127416094
38301,174.07860233553234,213.81869059271344,134.33851407835124
38401,174.28689944075848,213.06676166528933,135.50703721622762
38501,174.62762145834523,212.47057865970098,136.7846642569895
38601,175.05817329788454,212.01715927688062,138.09918731888845
38701,175.47131160764883,211.65979894466403,139.28282427063363
38801,175.92226227268844,211.4205685399246,140.42395600545228
38901,176.49622959422533,211.4376873153687,141.55477187308196
39001,177.15717454947088,211.67565375106182,142.63869534787995
39101,177.9676147041615,212.1471798506486,143.78804955767438
39201,178.8692485668335,212.82148615184664,144.91701098182037
39301,179.79083664349636,213.58516286566095,145.99651042133178
39401,180.71822852718645,214.33510549973838,147.10135155463453
39501,181.555869436007,214.84462008402517,148.2671187879888
39601,182.39289980328306,215.46195091915135,149.32384868741477
39701,183.2126109430091,216.13302190178902,150.2921999842292
39801,183.85369491915162,216.67268036173328,151.03470947656996
39901,184.43740158122975,217.26475678199907,151.61004638046043
40001,204.73850886260192,213.40160877686492,196.07540894833892
40101,206.04612549145926,215.3702293341741,196.72202164874443
40201,207.35374212031655,217.36357295032,197.34391129031312
40301,208.6613587491739,219.3768943144724,197.9458231838754
40401,209.96897537803125,221.40649609221563,198.53145466384686
40501,211.2765920068886,223.44948180980515,199.10370220397203
40601,212.65067890082383,225.5831572891502,199.71820051249748
40701,214.05194080766995,227.7611453450402,200.3427362702997
40801,215.42889530503635,229.90264634145026,200.95514426862243
40901,216.7876186171564,232.02550452742443,201.54973270688836
41001,218.08777425560623,234.07117169415943,202.10437681705304
41101,219.34114794061807,236.0501964145485,202.63209946668763
41201,220.49549277277202,237.87535572533437,203.11562982020968
41301,221.34871984034422,239.22310691552593,203.4743327651625
41401,222.07703300365475,240.3656582041452,203.7884078031643
41501,222.55863259942907,241.15744359744713,203.95982160141102
41601,222.91430176714135,241.77606802298118,204.05253551130153
41701,223.10107227312673,242.07762626366815,204.1245182825853
41801,223.19419391456864,242.14287366131683,204.24551416782046
41901,223.33608150731703,242.27966573629027,204.3924972783438
42001,223.4830311511746,242.42624283852592,204.53981946382328
42101,223.61261798242123,242.51517000598602,204.71006595885643
42201,223.73450492256015,242.54592330777746,204.92308653734284
42301,223.84173762417618,242.5349207852267,205.14855446312566
42401,224.0334101107983,242.68474256691826,205.3820776546783
42501,224.26322621532046,242.91204448266896,205.61440794797196
42601,224.55059962896271,243.2996471771649,205.80155208076053
42701,224.86586233291627,243.75022074231725,205.98150392351528
42801,225.29698538166681,244.3472107103534,206.24676005298022
42901,225.8410355576844,245.1010185840811,206.5810525312877
43001,226.49694182550516,245.9619064538204,207.03197719718992
43101,227.1906761822301,246.95115563545443,207.4301967290058
43201,227.88076953480063,248.01357126417122,207.74796780543005
43301,228.50762502462067,249.045789700501,207.96946034874034
43401,229.10272357755602,250.1632149973526,208.04223215775943
43501,229.73864267341523,251.38533825750736,208.0919470893231
43601,230.44863599497126,252.87868642812157,208.01858556182094
43701,231.05835333167903,254.2622403767935,207.85446628656456
43801,231.67876612625054,255.6972263056341,207.66030594686697
43901,232.33997412797743,257.18270488398235,207.4972433719725
44001,232.89602560260127,258.5186289307104,207.2734222744921
44101,233.49431912043096,259.8651008250502,207.12353741581168
44201,233.9516537863618,260.9744558456487,206.92885172707486
44301,234.26952600490768,261.67058719201606,206.86846481779926
44401,234.4179487769092,262.27372414553537,206.56217340828306
44501,234.40236392723318,262.99805067273667,205.8066771817297
44601,234.3941491743441,263.77790021992575,205.01039812876243
44701,234.45526400921858,264.69016197898253,204.22036603945466
44801,234.5761730838696,265.7607237891998,203.3916223785394
44901,234.736189180997,266.8027158455481,202.6696625164459
45001,234.93746902980214,267.80118831290935,202.07374974669494
45101,235.18159342817754,268.8326092650144,201.53057759134063
45201,235.44306810497284,269.90186734319684,200.98426886674883
45301,235.75007281486947,271.0331032429308,200.46704238680815
45401,235.96531449375038,271.9764464816417,199.95418250585908
45501,236.17954221297015,272.96973287267167,199.38935155326863
45601,236.29616383514062,273.7669033680618,198.82542430221946
45701,236.33528704615856,274.4308566674697,198.23971742484744
45801,236.28057536549036,275.0307224258243,197.53042830515642
45901,236.1726743518746,275.46260678666897,196.88274191708024
46001,235.96193640664484,275.44031336076955,196.48355945252015
46101,235.7807170805212,275.34754243094864,196.2138917300938
46201,235.66698253768922,275.3707249506797,195.96324012469873
46301,235.54577044583056,275.4330911033185,195.65844978834266
46401,235.42317888669785,275.5533143097103,195.29304346368542
46501,235.29459984753035,275.91249798502275,194.67670171003795
46601,235.1682575529177,276.3602625566499,193.97625254918552
46701,235.05940218595703,276.77738549626275,193.34141887565127
46801,235.0045968699307,277.22158389555824,192.78760984430318
46901,234.911060274548,277.72367799927355,192.09844254982247
47001,234.7776750011423,278.1337481007321,191.42160190155252
47101,234.54902079719872,278.421501800447,190.6765397939504
47201,234.33357611182532,278.74048509841487,189.92666712523575
47301,234.09806049955773,279.02448778430755,189.1716332148079
47401,233.85299640925,279.3094039792579,188.3965888392421
47501,233.63979493824567,279.6161434127877,187.6634464637036
47601,233.425873965692,279.9831111424589,186.86863678892516
47701,233.21955566186142,280.3579364941602,186.08117482956268
47801,233.06991115354936,280.74830551215587,185.39151679494285
47901,232.90928615481715,281.2160750314129,184.6024972782214
48001,232.71486758141282,281.66569535314477,183.76403980968087
48101,232.479161603078,281.9947393354997,182.96358387065632
48201,232.19623152120283,282.2910690764711,182.10139396593453
48301,231.61555345696638,281.4567682006438,181.77433871328896
48401,230.96439312436405,280.4021287740561,181.526657474672
48501,230.4721558758776,280.2018981929947,180.74241355876055
48601,229.9231485868163,280.0074284705954,179.83886870303718
48701,229.33561526397233,279.5487913407006,179.12243918724408
48801,228.82566637257622,279.38339416444245,178.26793858070997
48901,228.3309739814767,279.0545841242478,177.60736383870557
49001,227.85723826774193,278.53219564223383,177.18228089325004
49101,227.54608849948983,277.74685459157,177.3453224074096
49201,227.41021109947116,277.4871257337014,177.3332964652409
49301,227.32560065269303,277.36232649089135,177.2888748144947
49401,227.28641858070122,277.1475145847515,177.42532257665096
49501,227.19613354374218,277.04351166985674,177.34875541762764
49601,227.08246288021297,276.9426433607588,177.22228239966717
49701,227.11421400810596,276.55078278746834,177.67764522874361
49801,227.14565887557282,276.0095673064072,178.28175044473846
49901,227.13369035258793,275.32347278774097,178.94390791743487
50001,278.131142158459,336.4406134399578,219.82167087696016
50101,274.1001377280085,321.320781512773,226.87949394324406
50201,270.0691332975581,306.3466842527818,233.79158234233438
50301,266.03812886710756,291.7054028304962,240.37085490371894
50401,262.0071244366572,278.0705595504801,245.9436893228343
50501,257.97612000620666,268.64081353869534,247.31142647371794
50601,253.92701179372108,269.0092666922973,238.8447568951449
50701,248.44072637578105,278.5046968024632,218.37675594909896
50801,244.9891672305323,285.6898766381422,204.2884578229224
50901,238.5901335986548,295.61179941755796,181.56846777975164
51001,232.78971542797998,307.7700407189481,157.80939013701186
51101,229.57625008996064,316.4271370188475,142.72536316107377
51201,229.3649818402696,315.63017507154564,143.09978860899352
51301,229.10183270445404,314.7495569563737,143.4541084525344
51401,228.93379324649126,313.9955102581525,143.87207623483005
51501,229.07903673804435,313.76292332716866,144.39515014892
51601,229.29132614669584,313.6551893145844,144.92746297880728
51701,229.513705784761,313.57806958740423,145.44934198211777
51801,229.73547981615133,313.5066075176338,145.9643521146688
51901,230.07624015360608,313.6990225579906,146.45345774922157
52001,230.50194513975103,314.12134747890576,146.8825428005963
52101,231.08080143120597,314.8908562133783,147.27074664903364
52201,231.64267940678724,315.63750214768197,147.6478566658925
52301,232.18385565715477,316.3569756479167,148.0107356663928
52401,232.66856767240128,317.1574073928352,148.17972795196738
52501,233.06059367407943,318.0832751311652,148.03791221699367
52601,233.4409065997589,319.02039534789554,147.86141785162226
52701,233.84319218451128,320.00054384561463,147.68584052340796
52801,234.24733658363385,320.7936122352825,147.70106093198518
52901,234.11783102269183,320.2314465285599,148.00421551682376
53001,234.1612153312633,320.0898473749203,148.2325832876063
53101,234.5325482008083,320.5158073296799,148.54928907193667
53201,233.9029256702549,319.180726938804,148.62512440170576
53301,234.22369826773166,319.81698943041624,148.63040710504708
53401,234.49783666317344,320.4881032285554,148.50757009779147
53501,234.72710714438648,321.1897857521002,148.26442853667274
53601,234.87963894662062,322.10827926841495,147.6509986248263
53701,235.1131333330468,323.13398970942615,147.09227695666746
53801,235.2976870725087,324.10503987718937,146.49033426782802
53901,235.45932659413802,324.96541072705014,145.9532424612259
54001,235.68430950371788,325.6747599405336,145.69385906690218
54101,235.9303666457572,326.4264658951855,145.4342673963289
54201,236.1885765668655,327.2405618941074,145.1365912396236
54301,236.39181154427746,328.16915995812326,144.61446313043166
54401,236.59773374991164,329.09658417370014,144.09888332612314
54501,236.77679667027763,329.95304466773746,143.6005486728178
54601,236.90332395000033,330.6801272461703,143.12652065383034
54701,237.00937754886496,331.3411382447932,142.67761685293667
54801,237.1429752503133,332.102929255036,142.1830212455906
54901,237.18750298403387,333.066830223857,141.30817574421079
55001,237.17862572118906,334.180311948671,140.17693949370715
55101,237.13890933383968,335.38597612487223,138.89184254280713
55201,237.13670343423445,336.6130862432509,137.660320625218
55301,237.1104040990871,337.6603183949736,136.5604898032006
55401,237.13685316457523,338.4961167754283,135.77758955372218
55501,237.25388347564177,339.1324132115092,135.37535373977437
55601,237.35009894162005,339.95164661908666,134.74855126415343
55701,237.36764294714834,340.8189193751401,133.91636651915655
55801,237.35192092558472,341.6231081322837,133.08073371888577
55901,237.38115477241837,342.27489021112837,132.48741933370837
56001,237.6118354584793,342.4061051485447,132.81756576841389
56101,237.90620238004368,342.3337705893759,133.47863417071147
56201,238.21091531448332,342.2802497859817,134.14158084298492
56301,238.50944774226363,342.21015887979274,134.80873660473452
56401,238.84000447762475,341.8275320203311,135.8524769349184
56501,239.21695208096372,341.25387704504675,137.1800271168807
56601,239.4965947509494,340.5050490359244,138.48814046597442
56701,239.71923730089983,339.9068960366285,139.53157856517117
56801,239.95354386529817,339.33514638537326,140.57194134522308
56901,240.11005928474492,338.9798314937467,141.24028707574314
57001,240.2801594806844,338.6717925923459,141.8885263690229
57101,240.44379241143807,338.43427158433457,142.45331323854157
57201,240.539055214369,338.53660204281914,142.54150838591883
57301,240.54415816960227,338.8583255934943,142.22999074571018
57401,240.5354187801623,339.2365054065011,141.83433215382348
57501,240.54469978336283,339.6570061328072,141.43239343391843
57601,240.57488492110116,340.0481739764178,141.10159586578453
57701,240.66904637849916,340.24701709527034,141.09107566172798
57801,240.7886301590708,340.35867023407536,141.21859008406628
57901,240.92693377031964,340.50624023289294,141.34762730774634
58001,241.0668133065904,340.6587666800767,141.4748599331041
58101,241.21345787362702,340.8146954854739,141.61222026178012
58201,241.4431543664628,340.7865307727746,142.09977796015102
58301,241.68693513227785,340.75980510902605,142.61406515552966
58401,241.92705769937098,340.7366801962162,143.11743520252577
58501,242.17236024989083,340.7064023965148,143.63831810326684
58601,242.40274611694016,340.6751799007297,144.13031233315064
58701,242.59446958653467,340.7643641126332,144.42457506043618
58801,242.7964250786834,340.87958235226023,144.71326780510657
58901,243.06755552686226,341.11652656012706,145.01858449359747
59001,243.499264850195,341.47858510677,145.51994459361998
59101,244.09295500268746,341.35929751426954,146.82661249110538
59201,244.826707816951,340.78589723760024,148.86751839630176
59301,245.56046063121457,340.2230840652404,150.89783719718875
59401,246.33936220888086,339.70484068101615,152.97388373674556
59501,247.17070387624534,339.16676457667563,155.17464317581508
59601,248.08635636776708,338.7678048342701,157.40490790126404
59701,248.9791432730937,338.29601961574514,159.66226693044229
59801,249.87193017842046,337.83490898905177,161.90895136778914
59901,250.7086362901802,337.32827112149704,164.08900145886338
60001,327.51824860891645,410.2088804213279,244.82761679650503
60101,317.3521989429123,378.7578076305195,255.94659025530515
60201,307.18614927690817,352.59387544683284,261.7784231069835
60301,297.02009961090397,338.3889168821019,255.65128233970603
60401,287.95927811761715,338.383499452853,237.5350567823813
60501,282.48204915894735,342.8435990540946,222.12049926380007
60601,277.6026494120319,350.1499165015,205.0553823225638
60701,272.34004893418745,361.4988800089758,183.1812178593991
60801,266.9026138203605,376.069709908935,157.735517731786
60901,260.6923110249181,394.29244681416026,127.09217523567602
61001,255.16378162350028,411.40207747609657,98.925485770904
61101,249.23122918904588,430.1330483293974,68.32941004869437
61201,243.7533997431395,447.6490729836487,39.8577265026303
61301,238.9974770187564,464.47552098284746,13.519433054665313
61401,238.0157544384519,468.9373980799995,7.0941107969042605
61501,237.77542130072644,470.27638060945594,5.274461991996958
61601,237.5626933930759,471.1291126145592,3.9962741715926313
61701,237.23440617257899,471.7714587404444,2.6973536047135553
61801,235.65761740306888,470.16179627770987,1.1534385284279267
61901,233.78195427494248,467.650354816474,-0.08644626658906418
62001,233.3759727149169,466.8997795364742,-0.14783410664040275
62101,232.83884168739178,465.87019487518785,-0.19251150040429366
62201,233.05349745756902,465.7303663717571,0.37662854338094576
62301,233.53453712837683,465.6468790237815,1.4221952329722
62401,234.10900102638374,465.7688305381579,2.44917151460956
62501,234.87566028609717,466.0719512750147,3.6793692971795906
62601,235.69093012515842,466.0846936670464,5.297166583270467
62701,236.38943546314553,465.64677968428373,7.1320912420073626
62801,236.98718638713444,464.9184959414312,9.055876832837669
62901,237.47013123040998,464.05189696615344,10.888365494666488
63001,237.775347088869,462.87711560395746,12.67357857378056
63101,238.05910693313413,461.65475454242016,14.46345932384807
63201,238.37607158894616,460.5405112932499,16.2116318846424
63301,238.39888791932748,458.6622402951484,18.135535543506535
63401,237.98912256341492,455.9888617407953,19.989383386034547
63501,237.87707205299094,454.15556936468107,21.59857474130081
63601,237.5838814334693,452.0824675086941,23.085295358244508
63701,237.17996532938068,449.92684494332906,24.4330857154323
63801,236.72713483908092,447.8218304672979,25.632439210863964
63901,236.2592843962222,445.82742534086,26.691143451584423
64001,236.10254304820992,444.2582518702893,27.946834226130534
64101,235.93246652262079,443.1403510372594,28.72458200798215
64201,235.79665956202976,442.15474589592463,29.438573228134914
64301,235.73916134625856,441.18196920981734,30.29635348269977
64401,235.59993807605073,440.0759772539446,31.12389889815688
64501,235.1693863883392,439.0330458571057,31.30572691957269
64601,234.6346261403459,438.0936668113643,31.1755854693275
64701,233.82338122895007,436.62947528006003,31.017287177840103
64801,233.21236829038995,434.9054370783516,31.519299502428282
64901,232.55906519276624,432.9879713445561,32.130159040976366
65001,231.82062000688938,431.05261800236053,32.58862201141821
65101,231.00639550933448,428.99839425566825,33.01439676300075
65201,230.9725752966276,428.1222325855948,33.822918007660434
65301,231.13764692683498,427.46775056813664,34.80754328553331
65401,231.37968720496815,427.03148298144345,35.72789142849285
65501,231.63289547646337,426.59647754099916,36.66931341192759
65601,231.8371465676728,426.1345074532488,37.539785682096806
65701,232.04139765888226,425.6937832966064,38.38901202115812
65801,232.2379244838096,425.28970758905336,39.18614137856585
65901,232.41319649606038,424.96544333441346,39.860949657707295
66001,232.6824793984036,424.6944949203859,40.67046387642125
66101,232.99250080116767,424.41497844843445,41.57002315390085
66201,233.29134904381118,424.1101129699084,42.472585117713976
66301,233.62507572881515,423.8637453145474,43.386406143082894
66401,234.00646339813957,423.7205909948232,44.29233580145592
66501,234.38379544472951,423.5838784910444,45.183712398414656
66601,234.80629766262638,423.63828951527967,45.97430580997306
66701,235.22267875139215,423.74831386393214,46.697043638852165
66801,235.7274164453035,423.7700519839462,47.68478090666082
66901,236.23215413921474,423.7987143578946,48.66559392053489
67001,236.73639289045732,423.83390787216365,49.63887790875103
67101,237.24047408085693,423.87602227761533,50.60492588409855
67201,237.44418713154818,422.9590289513521,51.92934531174427
67301,237.5606449863414,421.7977647466211,53.32352522606169
67401,237.8024486360201,421.0319202341724,54.572977037867844
67501,238.28546691576457,420.981943484097,55.5889903474322
67601,238.76848519550904,420.93903906568,56.597931325338095
67701,239.28716722029648,420.84918300109257,57.725151439500394
67801,239.83167471563223,420.72993696130294,58.933412469961524
67901,240.3753649657905,420.6207272927909,60.13000263879013
68001,240.91861516085328,420.52198089382443,61.31524942788212
68101,241.4357200990277,420.37879765350795,62.49264254454744
68201,241.93769738266133,420.2382704151451,63.637124350177544
68301,242.41734534372145,420.0277225006213,64.80696818682159
68401,242.6787073125732,419.15934408584553,66.19807053930086
68501,242.940069281425,418.30717872666565,67.57295983618434
68601,243.1376927476822,417.37893569054063,68.89644980482376
68701,242.91355695206818,415.0493707739706,70.7777431301657
68801,242.01801174873486,410.7062790114725,73.32974448599725
68901,239.94173875225766,403.54485662759294,76.33862087692236
69001,237.7782818943192,397.60234883949755,77.95421494914086
69101,235.71378957799934,393.4412578946768,77.98632126132185
69201,233.44614581428473,390.7635230913538,76.12876853721565
69301,231.65266309075213,390.07620244659944,73.22912373490482
69401,232.07946401205726,390.27175313428245,73.8871748898321
69501,232.52154105402687,390.4807500982788,74.56233200977496
69601,232.96680266409453,390.7257697429866,75.20783558520247
69701,233.5281924821385,391.02083121606296,76.03555374821406
69801,234.20378309827,391.350069754684,77.05749644185599
69901,234.8735769901942,391.70065529050146,78.04649868988693
70001,730.4246674359596,1281.9748482943478,178.87448657757136
70101,711.0424148634459,1237.9321639778636,184.1526657490282
70201,691.8025361829092,1193.665070724583,189.94000164123537
70301,672.5626575023725,1149.509599281622,195.61571572312295
70401,653.5165992980105,1105.0337029790526,201.99949561696837
70501,634.5317475598092,1060.5628133948835,208.50068172473482
70601,615.5468958216077,1016.2664292320271,214.8273624111883
70701,596.5620440834062,972.1798300265123,220.94425814030018
70801,577.5771923452049,928.3480563532921,226.8063283371178
70901,558.5923406070035,884.8293376156215,232.3553435983855
71001,539.6074888688021,841.6999559338785,237.5150218037257
71101,520.6226371306005,799.0612126868075,242.18406157439352
71201,501.6377853923992,757.0494595933195,246.2261111914789
71301,482.65293365419785,715.8505055508766,249.45536175751906
71401,463.66808191599637,675.7199458996417,251.61621793235102
71501,444.68323017779505,637.0105027093117,252.35595764627843
71601,425.6983784395935,600.2047329368675,251.19202394231954
71701,407.66868423656416,565.375171033096,249.96219744003238
71801,391.5507824887744,532.8184235830855,250.28314139446329
71901,374.2926008834471,505.11318913161574,243.47201263527847
72001,358.2137849663876,481.9612156242069,234.46635430856833
72101,347.3095102964488,456.63859540458174,237.9804251883159
72201,336.1073223240313,437.56977919123347,234.64486545682917
72301,328.4982802895591,422.25302705759947,234.7435335215187
72401,326.59278991965664,418.53290040901294,234.65267943030034
72501,325.6538909276727,417.1719115039925,234.13587035135293
72601,324.93112929978395,416.6364285885294,233.2258300110385
72701,324.57629727209195,416.6578510921237,232.49474345206022
72801,324.35334901214867,416.84864719437473,231.8580508299226
72901,324.17664809221077,417.1415597964377,231.21173638798382
73001,324.0754033585978,417.4959780120382,230.65482870515737
73101,323.97415862498474,417.91653875112917,230.0317784988403
73201,324.0658787002696,418.269568343596,229.86218905694315
73301,324.37834415387266,418.5642458112942,230.1924424964511
73401,324.78522947015415,419.1008662658602,230.46959267444814
73501,325.2036745615765,419.673074375532,230.73427474762104
73601,325.6221196529988,420.2489549628556,230.99528434314198
73701,326.04056474442115,420.8284897287191,231.25263976012317
73801,326.4519135831301,421.3870007823798,231.51682638388039
73901,326.81967115517085,421.7990437333627,231.84029857697902
74001,327.18256468996594,422.2174160419771,232.14771333795474
74101,327.5129065908851,422.6440659803294,232.3817472014408
74201,327.84324849180433,423.07739105576064,232.60910592784802
74301,328.1821264811553,423.48959125902167,232.87466170328895
74401,328.0162969636488,422.23539773558883,233.7971961917088
74501,327.34819615143994,419.73848311475064,234.95790918812924
74601,326.94774551967186,418.33825262598657,235.55723841335714
74701,326.8843526446002,417.9165111046651,235.85219418453528
74801,326.9715042074664,417.89250358097024,236.05050483396258
74901,327.2665504703421,418.3086357886982,236.22446515198598
75001,327.56159673321775,418.7367625193692,236.38643094706632
75101,327.87884432837075,419.1626732116333,236.59501544510817
75201,328.21028621793045,419.5919265558673,236.8286458799936
75301,328.5093921356881,420.0400957674806,236.97868850389557
75401,328.86115847774755,420.68962173648885,237.03269521900626
75501,329.23354197882065,421.3933674349385,237.0737165227028
75601,329.6059254798937,422.1057933986585,237.10605756112892
75701,329.9413034321059,422.738312463342,237.14429440086974
75801,330.24413884498637,423.30552062580944,237.18275706416333
75901,330.5242681952169,423.8066767922617,237.24185959817208
76001,330.76263221627653,424.1751403362932,237.35012409625986
76101,330.64287314892016,424.7849353312118,236.50081096662853
76201,330.06732105994365,425.93470206821894,234.19994005166836
76301,330.34843063198855,426.333275706176,234.3635855578011
76401,330.4960586579756,426.09884582283553,234.89327149311566
76501,330.43856253954084,425.3542258965589,235.52289918252282
76601,330.38106642110614,424.65766771811167,236.1044651241006
76701,330.3235703026715,424.01015482001225,236.63698578533075
76801,330.1991596224236,423.2686928585815,237.12962638626573
76901,330.0704777999325,422.5897795538317,237.55117604603333
77001,329.9862175417398,422.1023224879831,237.87011259549647
77101,329.76382005488256,421.6009456014258,237.9266945083393
77201,329.5269950180581,421.2682740318138,237.78571600430237
77301,329.65971634705653,421.5083547127156,237.8110779813975
77401,329.79243767605493,421.789454512584,237.7954208395259
77501,329.92587312116854,422.11477843759724,237.73696780473983
77601,330.0538463065653,422.6840966378918,237.42359597523873
77701,330.1787710831727,423.96822582766094,236.38931633868447
77801,330.2816238879694,425.22290316515245,235.3403446107863
77901,330.3844766927661,426.4920564539935,234.27689693153872
78001,330.48732949756277,427.77516507625285,233.1994939188727
78101,330.5901823023595,429.0717272885381,232.1086373161809
78201,330.7935118350386,430.0917627831995,231.4952608868777
78301,331.01889723481383,431.0535785894722,230.9842158801555
78401,331.25688334475115,432.043069546517,230.47069714298527
78501,331.5370544408832,433.1137851517218,229.9603237300446
78601,331.8172255370152,434.18756524691764,229.44688582711274
78701,332.06599466047237,435.2498235304053,228.88216579053943
78801,332.3825355763671,436.10920037055547,228.65587078217874
78901,332.72346889393594,436.8990952796971,228.54784250817477
79001,333.06440221150467,437.69152808619043,228.4372763368189
79101,333.35107967263303,438.46486172039846,228.2372976248676
79201,333.60306896325017,439.22714880987496,227.97898911662537
79301,333.85505825386724,439.99223325071864,227.71788325701587
79401,334.10704754448454,440.7600746697537,227.4540204192154
79501,334.38178027650054,441.5387726706266,227.22478788237447
79601,334.6590400575609,442.3207605333351,226.9973195817867
79701,334.93629983862127,443.10508512642923,226.76751455081333
79801,335.21355961968163,443.8917137421329,226.5354054972304
79901,335.5044816959138,444.683903345472,226.3250600463556
80001,466.1830334541648,999.5809971181056,-67.21493020977613
80101,463.37526461896186,980.6709621912753,-53.920432953351565
80201,460.56749578375883,961.9185514424382,-40.78355987492051
80301,457.7597269485559,943.3392925097282,-27.819838612616365
80401,454.95195811335304,924.9506168011626,-15.046700574456509
80501,452.14418927815007,906.7721196160933,-2.4837410597932035
80601,449.33642044294703,888.8258538945856,9.846986991308427
80701,446.52865160774417,871.136659522316,21.92064369317228
80801,443.72088277254113,853.7325287680894,33.709236776992896
80901,440.9131139373383,836.6450061523012,45.18122172237548
81001,438.1053451021352,819.9096174424924,56.301072761778016
81101,435.29757626693237,803.566317047253,67.02883548661168
81201,432.48980743172933,787.6599352462106,77.31967961724808
81301,429.6820385965264,772.2405958460066,87.12348134704621
81401,426.8742697613235,757.3640605192145,96.38447900343255
81501,424.0665009261206,743.0919382235284,105.04106362871289
81601,421.2587320909176,729.4916775845304,113.02578659730472
81701,418.45096325571456,716.6362394344578,120.26568707697123
81801,415.64319442051175,704.6033307181971,126.68305812282642
81901,412.8354255853087,693.4740776021308,132.1967735684866
82001,410.0276567501058,683.3310355066071,136.72427799360446
82101,407.2198879149028,674.2554882959735,140.18428753383216
82201,404.41211907969983,666.3240853952859,142.50015276411375
82301,401.60435024449686,659.6050004858735,143.60370000312025
82401,398.79658140929394,654.1539469735325,143.43921584505537
82501,398.473272093397,653.1278701106692,143.81867407612484
82601,398.20066603299614,652.2010802393945,144.20025182659776
82701,397.9322071508917,651.3027181371649,144.56169616461858
82801,398.07431892013386,650.9652418519731,145.18339598829456
82901,398.216430689376,650.630182598007,145.802678780745
83001,398.35854245861816,650.2975541087961,146.4195308084402
83101,398.5006542278604,649.9673701513543,147.03393830436653
83201,396.162931894619,646.0691016196465,146.25676216959158
83301,391.43132541167404,641.6986298646938,141.16402095865433
83401,389.6035370801543,640.9409062000067,138.2661679603019
83501,389.807456253301,640.7714512543746,138.84346125222743
83601,389.91668583741296,640.4286641104017,139.40470756442426
83701,390.0138871718344,640.0678862994622,139.95988804420665
83801,390.11108850625595,639.7115215408091,140.5106554717027
83901,390.147025013779,639.2420239291534,141.0520260984045
84001,390.1646616379428,638.7425224340938,141.5868008417918
84101,390.1886295343928,638.2592537091766,142.11800535960896
84201,390.36454796571337,638.0440422191399,142.68505371228684
84301,390.5404663970338,637.831720298588,143.24921249547955
84401,390.6518155975592,637.5032354544217,143.8003957406968
84501,389.9079203878094,635.507242865899,144.30859790971977
84601,388.9981220906046,633.2502076355063,144.74603654570296
84701,388.23066673635526,631.2376143737959,145.22371909891473
84801,387.7168789474075,629.7201448195157,145.71361307529932
84901,387.7284638786061,629.1106936223523,146.3462341348599
85001,387.0611501370471,627.188856161333,146.93344411276115
85101,386.66173698570657,625.8725144707705,147.45095950064268
85201,386.4494290528926,624.9462601129255,147.95259799285958
85301,385.8540827601176,623.4576473852679,148.25051813496728
85401,384.88462949361116,621.6295470467886,148.13971194043373
85501,384.0262816427652,620.2061317470188,147.84643153851152
85601,383.5464910514155,619.3793049385145,147.71367716431658
85701,383.4986161682531,619.0447034416145,147.9525288948916
85801,383.8162255256236,619.0770732751689,148.5553777760784
85901,384.17827968016593,619.1793515391987,149.17720782113315
86001,384.5403338347082,619.2830644312559,149.79760323816052
86101,384.9023879892504,619.3882166930805,150.4165592854204
86201,385.2644421437927,619.4948130607384,151.03407122684698
86301,385.62649629833487,619.6028582642982,151.65013433237155
86401,385.98855045287706,619.7123570275058,152.26474387824825
86501,386.3758467316406,619.8747766307429,152.87691683253834
86601,386.7460883301095,620.0104326566338,153.4817440035851
86701,387.034043453502,620.0969644161714,153.97112249083267
86801,387.3117777481169,620.1850583071542,154.4384971890796
86901,386.2207504890333,617.7696577268798,154.67184325118683
87001,386.3082340869173,617.5271355927005,155.08933258113422
87101,386.43731395862864,617.3112417491778,155.56338616807946
87201,386.5720781673517,617.1047073327171,156.0394490019863
87301,386.73735053960786,616.9578671530531,156.5168339261626
87401,386.625236583417,616.3960666944548,156.8544064723792
87501,386.501459233902,615.860068919559,157.14284954824498
87601,386.39232806113034,615.3883229695915,157.39633315266917
87701,386.30743097876746,614.9882956804108,157.62656627712408
87801,386.3519225486417,614.7796601221518,157.92418497513168
87901,386.71319323261343,614.9622369600809,158.464149505146
88001,387.04370399966984,615.080832773505,159.0065752258347
88101,387.35012288978317,615.1459557792585,159.5542900003078
88201,387.64015128429054,615.1807460535547,160.09955651502645
88301,387.8437255590773,615.2114732614953,160.4759778566593
88401,387.97365373187984,615.2444842052462,160.7028232585135
88501,388.10358190468236,615.2870616967115,160.92010211265324
88601,388.23351007748477,615.3392167745103,161.12780338045923
88701,388.37927270156194,615.4688768478832,161.28966855524075
88801,388.3849117988105,615.6591859303801,161.11063766724095
88901,388.3629805732823,615.8296844883816,160.89627665818293
89001,388.34104934775405,616.0275149025997,160.65458379290834
89101,388.31911812222586,616.2525981171735,160.38563812727816
89201,388.1959333007871,615.9417947471916,160.45007185438254
89301,388.01001306196275,614.9284894068951,161.09153671703046
89401,387.72449276336187,613.7284105387878,161.72057498793595
89501,387.6949436487305,613.164348404457,162.22553889300403
89601,387.7546471220324,612.8089556343739,162.70033860969093
89701,387.6478876747662,612.2091208142858,163.08665453524657
89801,387.3778127279244,611.4402585839707,163.31536687187807
89901,387.08846726006004,610.6504780907389,163.5264564293811
90001,456.2268443437548,598.4841699389631,313.9695187485465
90101,455.55212188705747,595.2487335889796,315.8555101851354
90201,454.7122233753079,592.5846279930515,316.8398187575642
90301,453.81123235004577,590.226192471564,317.3962722285276
90401,452.91024132478367,587.998169817507,317.82231283206033
90501,452.00925029952157,585.9044376423758,318.11406295666734
90601,451.10825927425947,583.9486132798256,318.2679052686933
90701,450.27312406590244,581.885491574171,318.66075655763376
90801,449.50933265919247,579.6720486581848,319.34661666020014
90901,448.7455412524825,577.5721700018246,319.9189125031404
91001,447.9817498457725,575.5894228015592,320.3740768899859
91101,447.21795843906256,573.7271928966503,320.70872398147475
91201,446.4541670323527,571.9886439400235,320.9196901246819
91301,445.6903756256426,570.3766766594927,321.0040745917926
91401,444.92658421893276,568.8938892719544,320.9592791659111
91501,444.1627928122228,567.5425401871372,320.7830454373084
91601,443.3990014055128,566.3245141604743,320.4734886505513
91701,442.6352099988029,565.2412930184737,320.0291269791321
91801,441.87141859209305,564.2939319806293,319.4489052035568
91901,441.1076271853829,563.4830424406128,318.73221193015297
92001,440.343835778673,562.8087818530388,317.8788897043072
92101,439.58004437196314,562.270851112682,316.8892376312444
92201,438.81625296525306,561.8684995272854,315.7640064032208
92301,438.0524615585431,561.6005371923695,314.50438592471664
92401,437.28867015183323,561.465354296901,313.1119860067655
92501,436.52487874512315,561.4609466410268,311.58881084921944
92601,435.7610873384133,561.5849464466902,309.9372282301364
92701,434.9972959317033,561.8346573994227,308.159934463984
92801,434.21943208882414,562.1899369965037,306.24892718114467
92901,432.9865594764727,562.2112834609385,303.76183549200687
93001,431.6573674742025,562.4791604801136,300.8355744682914
93101,430.83927096074956,563.3083326581465,298.37020926335265
93201,430.3980984412031,564.3616056784153,296.43459120399086
93301,429.94317138474815,565.4459448861437,294.4403978833526
93401,429.48824432829315,566.5817785133501,292.39471014323624
93501,429.05655889809543,567.777471842461,290.3356459537299
93601,428.38575569407476,568.6663059916916,288.1052053964579
93701,427.62192047065207,569.5046744941803,285.7391664471238
93801,427.18328972848406,570.8797767778346,283.48680267913346
93901,427.0481237758471,572.6602351910176,281.43601236067656
94001,426.985712905636,574.4865498454703,279.4848759658017
94101,426.96656997168384,576.3625731331088,277.570566810259
94201,426.964438050414,578.2731026554375,275.6557734453905
94301,426.90771838757354,580.1223749900395,273.6930617851076
94401,426.776788060654,581.8701863318099,271.68338978949805
94501,426.6729206706028,583.6432715273532,269.7025698138524
94601,426.66782988301554,585.5408443228393,267.7948154431918
94701,426.66273909542826,587.4412664623933,265.8842117284632
94801,426.63366866643645,589.3158155270152,263.95152180585774
94901,426.5796398351663,591.1650575072343,261.99422216309824
95001,426.25356079846387,592.5307765996296,259.97634499729816
95101,425.740288786137,593.6748304915322,257.80574708074175
95201,425.2270167738101,594.8476640743979,255.60636947322223
95301,424.4459268468976,595.6467901675048,253.2450635262903
95401,423.03894671164414,595.8277665774315,250.2501268458568
95501,421.2806468222267,595.9504279982654,246.61086564618802
95601,418.3912770864761,595.5928404736945,241.18971369925774
95701,415.1945052979633,595.3850327791349,235.00397781679175
95801,412.9879456109147,595.3859740558521,230.5899171659774
95901,411.4723783350727,595.4447275123968,227.50002915774857
96001,410.5702923530107,596.1810314302546,224.95955327576678
96101,409.53462076434073,596.6287760849953,222.4404654436862
96201,408.3044357757817,596.733004209295,219.8758673422684
96301,407.32845803637684,597.6362138776369,217.0207021951168
96401,406.58830707672865,599.0853895085593,214.09122464489806
96501,406.23198359953057,600.7171984843922,211.74676871466892
96601,405.87566012233265,602.3581048269991,209.3932154176662
96701,405.712362622448,604.1081056110565,207.31661963383942
96801,405.6636100033131,605.9597269594816,205.36749304714468
96901,405.70397005371854,607.8970117294027,203.51092837803438
97001,405.57456792244795,609.7882636477834,201.36087219711249
97101,405.3055902945983,611.6088908364204,199.00228975277614
97201,404.97923272314836,613.402610919921,196.55585452637575
97301,404.5606964172199,615.0980234559232,194.02336937851658
97401,404.092686210484,616.7299438485287,191.45542857243927
97501,403.701202151257,618.3471763352974,189.05522796721667
97601,403.301769644833,619.9723506426575,186.63118864700846
97701,402.899035759781,621.6022426680345,184.19582885152747
97801,402.4390506298024,623.1788628183594,181.6992384412454
97901,402.1869153807849,624.7865796065254,179.58725115504447
98001,401.9475583778708,626.3843205798657,177.51079617587584
98101,401.6311851486197,627.9404068728336,175.3219634244058
98201,401.3193463821919,629.4747737602235,173.1639190041603
98301,401.07043865699995,631.0391867318548,171.10169058214515
98401,399.9560450930959,631.8848669640455,168.02722322214632
98501,398.4175795698605,632.3925326112419,164.44262652847902
98601,396.84200836256224,632.9387242720377,160.74529245308682
98701,394.9891556273417,633.2959954234991,156.68231583118427
98801,392.9329983389945,633.6110587697511,152.25493790823782
98901,390.7499058081317,633.9799489793461,147.5198626369173
99001,388.51490212411676,634.1761739486434,142.85363029959015
99101,386.09889108402086,633.9022456937928,138.29553647424893
99201,383.71293735727346,633.528151713131,133.8977230014159
99301,381.6497094468367,633.3297576117266,129.9696612819468
99401,379.8928929176034,633.1717903214733,126.61399551373353
99501,377.8618763433154,633.0111793852217,122.71257330140907
99601,375.8394663031506,632.7908567297386,118.8880758765626
99701,373.6364132559454,632.6506656883239,114.62216082356684
99801,371.28434438323904,632.5121395837347,110.05654918274342
99901,368.8703663268077,632.4752276503502,105.26550500326516
